{"cameraMode":{"drawMode":0,"name":"Shaded","section":"Shading Mode"},"sceneLighting":false,"audioPlay":false,"sceneViewState":{"showFog":false,"showMaterialUpdate":false,"showSkybox":false,"showFlares":true,"showImageEffects":true,"showParticleSystems":true,"showVisualEffectGraphs":true,"m_FxEnabled":true},"in2DMode":false,"pivot":{"x":-4.318084716796875,"y":1.2391093969345093,"z":-14.333847045898438},"rotation":{"x":0.01819145493209362,"y":0.6542229056358337,"z":0.015654031187295915,"w":-0.7559797167778015},"size":2.1031134128570558,"orthographic":true}