{"cameraMode":{"drawMode":0,"name":"Shaded","section":"Shading Mode"},"sceneLighting":false,"audioPlay":false,"sceneViewState":{"showFog":false,"showMaterialUpdate":false,"showSkybox":false,"showFlares":true,"showImageEffects":true,"showParticleSystems":true,"showVisualEffectGraphs":true,"m_FxEnabled":true},"in2DMode":false,"pivot":{"x":-0.3266741633415222,"y":1.438476324081421,"z":0.7511791586875916},"rotation":{"x":0.056787021458148959,"y":0.9183334708213806,"z":-0.14302484691143037,"w":0.36466577649116518},"size":1.5189592838287354,"orthographic":true}